new_municipality,cardiac_arrests_number,points_coordinates
"hasselt, belgium",67,"(5.3425633, 50.9326432)"
"genk, belgium",62,"(5.5021822, 50.9662102)"
"sint-truiden, belgium",40,"(5.1819977, 50.818835)"
"lommel, belgium",38,"(5.309601900000001, 51.2306827)"
"tongeren, belgium",32,"(5.4601943, 50.7799815)"
"houthalen, belgium",27,"(5.376354099999999, 51.03146270000001)"
"lanaken, belgium",23,"(5.6572499, 50.89200899999999)"
"overpelt, belgium",20,"(5.3970123, 51.1970553)"
"antwerpen, belgium",19,"(4.4051485, 51.2213404)"
"eisden, belgium",18,"(5.714076899999999, 50.9854566)"
"herk-de-stad, belgium",17,"(5.1672236, 50.9392785)"
"maasmechelen, belgium",17,"(5.701778000000001, 50.9797203)"
"beringen, belgium",16,"(5.21862, 51.04793)"
"neeroeteren, belgium",16,"(5.699538599999999, 51.0918046)"
"beverst, belgium",16,"(5.475171, 50.8902246)"
"waterschei-zwartberg, belgium",15,"(5.522749999999999, 51.00336)"
"hechtel, belgium",14,"(5.3661124, 51.1252349)"
"koersel, belgium",14,"(5.27176, 51.05844)"
"bree, belgium",12,"(5.5965788, 51.13992440000001)"
"lanklaar, belgium",12,"(5.7262, 51.0188)"
"neerpelt, belgium",12,"(5.43173, 51.22723999999999)"
"bilzen, belgium",12,"(5.5173432, 50.87007029999999)"
"maaseik, belgium",11,"(5.785918800000001, 51.0962791)"
"heppen, belgium",11,"(5.2285739, 51.10887349999999)"
"zonhoven, belgium",10,"(5.367178099999999, 50.9871179)"
"zolder, belgium",10,"(5.3097324, 51.0229535)"
"kwaadmechelen, belgium",10,"(5.144159999999999, 51.10072)"
"wilrijk, belgium",10,"(4.3942868, 51.1683102)"
"eksel, belgium",10,"(5.394354499999999, 51.1546138)"
"paal, belgium",10,"(5.166286299999999, 51.0324973)"
"borgloon, belgium",10,"(5.3405024, 50.8032367)"
"diepenbeek, belgium",10,"(5.4197659, 50.9088864)"
"opglabbeek, belgium",10,"(5.58412, 51.04316)"
"halen, belgium",9,"(5.1111189, 50.9484643)"
"lummen, belgium",8,"(5.1951475, 50.9876997)"
"zutendaal, belgium",8,"(5.5725111, 50.931987)"
"hamont, belgium",8,"(5.54953, 51.25272)"
"as, belgium",8,"(5.5884303, 51.0070217)"
"rotem, belgium",8,"(5.74118, 51.05296999999999)"
"leopoldsburg, belgium",8,"(5.258598500000001, 51.1162188)"
"hoeselt, belgium",8,"(5.4899231, 50.8485788)"
"opoeteren, belgium",6,"(5.6594443, 51.0675622)"
"heusden, belgium",6,"(3.8036959, 51.0327975)"
"meeuwen, belgium",6,"(5.5205, 51.09867)"
"peer, belgium",6,"(5.4533318, 51.133088)"
"mechelen, belgium",6,"(4.4775553, 51.0259143)"
"nieuwerkerken, belgium",6,"(5.1885911, 50.8647429)"
"neerharen, belgium",6,"(5.6808314, 50.9088851)"
"tessenderlo, belgium",6,"(5.088359899999999, 51.0647584)"
"millen, belgium",6,"(5.5561104, 50.7856375)"
"stevoort, belgium",6,"(5.253159999999999, 50.9183)"
"zichen-zussen-bolder, belgium",6,"(5.6245555, 50.7933496)"
"aartselaar, belgium",6,"(4.3874914, 51.1344849)"
"elen, belgium",6,"(5.75083, 51.06655)"
"berbroek, belgium",6,"(5.2083451, 50.9503306)"
"beverlo, belgium",6,"(5.21898, 51.0873)"
"dilsen, belgium",6,"(5.72215, 51.03747)"
"turnhout, belgium",5,"(4.9375577, 51.3216509)"
"willebroek, belgium",5,"(4.3610481, 51.0621814)"
"montenaken, belgium",5,"(5.12721, 50.72101)"
"oostham, belgium",4,"(5.18022, 51.10373)"
"helchteren, belgium",4,"(5.3826921, 51.05655119999999)"
"deurne, belgium",4,"(4.4595994, 51.2203758)"
"kontich, belgium",4,"(4.4448813, 51.1352373)"
"munsterbilzen, belgium",4,"(5.5261669, 50.88973259999999)"
"molenbeersel, belgium",4,"(5.737579999999999, 51.17002)"
"kortessem, belgium",4,"(5.387039199999999, 50.8573554)"
"schilde, belgium",4,"(4.5791748, 51.2390988)"
"membruggen, belgium",4,"(5.5343399, 50.8141975)"
"lauw, belgium",4,"(3.1849946, 50.7946478)"
"dilsen-stokkem, belgium",4,"(5.7293042, 51.0360907)"
"riksingen, belgium",4,"(5.4632976, 50.8051007)"
"heks, belgium",4,"(5.35751, 50.7701)"
"kermt, belgium",4,"(5.246760000000001, 50.94767)"
"schoten, belgium",4,"(4.4979217, 51.2494528)"
"linkhout, belgium",4,"(5.13687, 50.96812)"
"sint-huibrechts-lille, belgium",4,"(5.49576, 51.22251)"
"sint-lambrechts-herk, belgium",4,"(5.30741, 50.89841)"
"stokrooie, belgium",4,"(5.28134, 50.96619)"
"termolen, belgium",4,"(5.415210000000001, 50.98636)"
"veldwezelt, belgium",4,"(5.6305961, 50.8677788)"
"gravenvoeren, belgium",4,"(5.7611628, 50.7587829)"
"vorselaar, belgium",4,"(4.7726104, 51.20245449999999)"
"wellen, belgium",4,"(5.338333599999999, 50.8404709)"
"zelem, belgium",4,"(5.1057744, 50.9781579)"
"alken, belgium",4,"(5.306757999999999, 50.8891784)"
"schulen, belgium",3,"(5.1904844, 50.959958)"
"burcht, belgium",3,"(4.34148, 51.20367)"
"lier, belgium",3,"(4.5675409, 51.133455)"
"achel, belgium",3,"(5.47953, 51.25224)"
"hoepertingen, belgium",3,"(5.283679999999999, 50.81235)"
"hoboken, belgium",3,"(4.3500096, 51.1775434)"
"grote-brogel, belgium",3,"(5.50838, 51.15435000000001)"
"zoersel, belgium",2,"(4.7123589, 51.2674174)"
"bonheiden, belgium",2,"(4.548149599999999, 51.02225660000001)"
"tongerlo, belgium",2,"(4.915649999999999, 51.10533)"
"bevingen, belgium",2,"(5.17884, 50.7983)"
"bocholt, belgium",2,"(5.57886, 51.1729552)"
"jeuk, belgium",2,"(5.20969, 50.73427)"
"stokkem, belgium",2,"(5.74418, 51.02364000000001)"
"bommershoven, belgium",2,"(5.37904, 50.788)"
"kanne, belgium",2,"(5.6693136, 50.814055)"
"herderen, belgium",2,"(5.5723296, 50.8065724)"
"kasterlee, belgium",2,"(4.9673618, 51.2404924)"
"kaulille, belgium",2,"(5.525679999999999, 51.18716999999999)"
"kerkom-bij-sint-truiden, belgium",2,"(5.17787, 50.77429)"
"kessenich, belgium",2,"(5.82297, 51.15141999999999)"
"ruisbroek, belgium",2,"(4.33107, 51.08799)"
"boom, belgium",2,"(4.3649456, 51.08979679999999)"
"hulst, belgium",2,"(5.12949, 51.07198)"
"hulshout, belgium",2,"(4.7888868, 51.0755943)"
"velm, belgium",2,"(5.13162, 50.77931)"
"vlijtingen, belgium",2,"(5.5842906, 50.8320854)"
"leut, belgium",2,"(5.7350908, 50.9900244)"
"vosselaar, belgium",2,"(4.8882048, 51.3130992)"
"heindonk, belgium",2,"(4.40756, 51.0673)"
"balen, belgium",2,"(5.167686499999999, 51.17041469999999)"
"gruitrode, belgium",2,"(5.58969, 51.08999)"
"wijchmaal, belgium",2,"(5.41311, 51.13556)"
"wijshagen, belgium",2,"(5.558809999999999, 51.10461)"
"herselt, belgium",2,"(4.8807744, 51.0523235)"
"wintershoven, belgium",2,"(5.41968, 50.85263)"
"batsheers, belgium",2,"(5.28134, 50.73855)"
"wuustwezel, belgium",2,"(4.5907442, 51.3892386)"
"halle, belgium",2,"(4.2337053, 50.7381601)"
"zepperen, belgium",2,"(5.247669999999999, 50.82116)"
"romershoven, belgium",2,"(5.4598837, 50.855984)"
"kinrooi, belgium",2,"(5.7417872, 51.145607)"
"rijkevorsel, belgium",2,"(4.7604695, 51.3493012)"
"rijkel, belgium",2,"(5.26083, 50.80989)"
"dessel, belgium",2,"(5.112964799999999, 51.2392534)"
"gors-opleeuw, belgium",2,"(5.396711799999999, 50.8233766)"
"kortenaken, belgium",2,"(5.0600315, 50.9091318)"
"mortsel, belgium",2,"(4.4492707, 51.1708718)"
"kuringen, belgium",2,"(5.29789, 50.94387)"
"gierle, belgium",2,"(4.8677063, 51.2671512)"
"moelingen, belgium",2,"(5.713497299999999, 50.7570096)"
"geel, belgium",2,"(4.9907929, 51.1626132)"
"engsbergen, belgium",2,"(5.03716, 51.0297)"
"meerle, belgium",2,"(4.803769, 51.4733516)"
"meerhout, belgium",2,"(5.0770596, 51.132046)"
"donk, belgium",2,"(5.11072, 51.21773)"
"edegem, belgium",2,"(4.4313468, 51.1561016)"
"eigenbilzen, belgium",2,"(5.574635499999999, 50.8746121)"
"louwel, belgium",2,"(5.6099, 51.05093)"
"buvingen, belgium",2,"(5.17767, 50.75294)"
"niel, belgium",2,"(4.3320602, 51.1107065)"
"kleine-spouwen, belgium",2,"(5.5483654, 50.8381087)"
"olen, belgium",2,"(4.903903, 51.16873340000001)"
"riemst, belgium",2,"(5.6011861, 50.8089095)"
"reppel, belgium",2,"(5.56309, 51.15506)"
"rekem, belgium",2,"(5.695727199999999, 50.9224749)"
"reet, belgium",2,"(4.4125882, 51.10113339999999)"
"piringen, belgium",2,"(5.4178871, 50.7864119)"
"boorsem, belgium",2,"(5.7197843, 50.9408237)"
"borgerhout, belgium",2,"(4.4488977, 51.2090363)"
"borsbeek, belgium",2,"(4.4791807, 51.19469429999999)"
"ordingen, belgium",2,"(5.235209999999999, 50.81285)"
"brasschaat, belgium",2,"(4.4915511, 51.2901086)"
"opitter, belgium",2,"(5.649719999999999, 51.11657)"
"ophoven, belgium",2,"(5.80204, 51.12559)"
"brustem, belgium",2,"(5.22187, 50.80565)"
"kleine-brogel, belgium",2,"(5.45019, 51.17258)"
"zwijndrecht, belgium",2,"(4.3290469, 51.2157101)"
"berchem, belgium",1,"(4.4188392, 51.1955771)"
"kalmthout, belgium",1,"(4.4750964, 51.3829237)"
"ekeren, belgium",1,"(4.4175641, 51.2771047)"
